codigo_orgao,localizador
1949,HWKELG
1949,WRVGPC
1949,GMGWIA
1949,JZPYFR
1949,GEINVT
1949,IINRTU
1949,GDGMAC
1949,KQZKNG
1949,JYZEPC
1949,NNJSIO
1949,EMXECF
1949,HQGYKE
1949,HZNQGK
1949,DCIVWH
1949,EKZHDG
1949,WIHQXN
1949,NUIXTT
1949,DBEVZN
1949,WIPTIZ
1949,NCTZJP
1949,KTRMNV
1949,FXRGKQ
1949,INQEDF
1949,DMXDPW
1949,KRJRRE
1949,KRLZCS
1949,FZMPCX
1949,IKGPGT
1949,KBXWQD
1949,WSVUJO
1949,YMEMVG
1949,FSHMYY
1949,YMVMCO
1949,IHQLGC
1949,JCCTWR
1949,JEAFAD
1949,LRSRLI
1949,LTWYKV
1949,MHMIEP
1949,FPEHPE
1949,RW9Y9K
1949,RJFMVM
1949,WD1B8B
1949,LJGPSZ
1949,PDZNKB
1949,JQI24B
1949,EW4NWK
1949,SPTNJH
1949,LBKJNI
1949,KIGFKT
1949,KHRFOU
1949,KHOPFJ
1949,CWNTHM
1949,LDCFDR
1949,MLPHYA
1949,MKDWHY
1949,KNIJUG
1949,YELCMX
1949,YEOXWR
1949,YDCCOM
1949,NSCEYE
1949,NRUWFB
1949,IBWGKN
1949,GOJGMY
1949,ELJPGU
1949,HHBSTX
1949,WKVZAS
1949,WKBSHY
1949,MCJTMK
1949,GTRDZO
1949,MBNHDB
1949,NXZGHJ
1949,LPKSPH
1949,WLFNSD
46870,HTFVSU
46870,JKCRST
46870,DVZHMV
46870,FJTRTE
72080,CXRCFB
72080,JFSIVP
72080,EANKLO
72080,NKTXGG
72080,GMPHYR
37807,GEDGDU
37807,JQDSVP
37807,IBTRMS
37807,GNEXUZ
37807,EJGIDN
37807,EJZUIV
37807,FERKHO
37807,FFOHFD
318541,EOWPEF
318541,MFBAXI
318541,JCTMQS
318541,JDZOQW
318541,CVTSQE
318541,MUGILO
318541,FITHKB
318541,HRSDZD
318541,MFBZIX
318541,MZLWHI
318541,MVUOYE
318541,WTTJZL
318541,ILZTFL
318541,UFFE2V
318541,IKLVWP
318541,WRKSQF
318541,GFMUQZ
318541,MTXAAB
318541,CQANJD
318541,EHZQUX
318541,IISPKP
318541,KAEMPB
318541,IVGMIO
318541,KDMTFA
318541,IRZTSX
318541,SHQPXG
318541,ISYNTP
318541,GKEFYW
318541,MDYMDG
318541,IJURCZ
318541,NPQSZX
318541,EMQJFT
318541,HHIAKV
318541,HQLPQL
318541,CQY4TR
318541,IRWAAC
318541,IULXXV
318541,IUTRUK
318541,EJYBUM
318541,WI5RRC
221418,CPUCNM
221418,YZULJI
221418,CQVRXG
221418,LVRHZK
221418,FNADQM
221418,GIMNYW
221418,GIGAOY
221418,LUDIHA
221418,GHZVPT
221418,YWZYMF
221418,WVXIZL
221418,YYSFVT
221418,HGHVCX
221418,HMCFXL
221418,OESAZV
221418,ENHBHL
221418,IJMVOU
221418,ENKVGO
221418,AXWVUS
221418,EGZWKM
221418,EGIYDO
221418,SRIFLX
221418,EIBXQQ
221418,SPMGXC
221418,ECXHZO
221418,GHQUKG
221418,AYDWTF
221418,NLOUZE
221418,GENODW
221418,OVEHJB
221418,GEJITA
221418,OSKWLL
221418,NKAANF
221418,SOYUNK
221418,AXYJSO
221418,OSCBYU
221418,NLWMST
221418,SPGWZC
221418,AXPDNC
221418,AYDIUP
221418,NLMQGE
221418,SQJPGI
221418,LCPGGK
221418,MSMFKC
221418,AYVVBO
221418,HBJVFP
221418,CYJDFJ
221418,OPKXOH
221418,KYIXRL
221418,LHZKRK
221418,LFMHLI
221418,OEGWZJ
221418,DQAKZW
221418,DQRURN
221418,ARQAFH
221418,SCPPIX
221418,JERKFS
221418,KYFUMO
221418,AVDKDD
221418,JFDXJB
221418,KYIKNL
221418,SCRTRG
221418,KJSOOZ
221418,SAGOXC
221418,AOCMED
221418,KZAERQ
221418,CEQVRS
221418,LKWVHC
221418,ERPKXC
221418,EUEWRG
221418,LLBIYO
221418,JPHTZE
221418,LIUPET
221418,AABLHR
221418,KUHDAS
221418,DLUWHD
221418,KVAQDN
221418,CGJLBL
221418,DJBPCJ
221418,IWDLDT
221418,KSNHCZ
221418,ABORGN
221418,CEONQH
221418,JNGJXM
221418,JBJKPV
221418,LXPNNY
221418,HLFZIC
221418,LXROJH
221418,ENYEHI
221418,HJKKOS
221418,EQMQLR
221418,LRXWRV
221418,ENZIFH
221418,HLXIIO
221418,HKOSOZ
221418,LUAMGB
221418,LRMZQY
221418,LUIOJH
221418,EQZGPE
221418,JBIQUH
221418,HMNMJX
221418,LTMQAV
221418,LSMSRD
221418,YWBBTK
221418,ENEIPC
221418,JDGKKX
221418,EQZYOU
221418,HKAUVA
221418,HLVKSC
221418,YZXWFT
221418,EQSWAC
221418,LUKJQW
221418,HLVKOB
221418,LRUIMG
221418,HMKCVM
221418,LTYLAA
221418,JBJRKL
221418,YZCTHC
221418,EQUPOR
221418,HJESZS
221418,HDTNZF
221418,SOCATN
221418,EPPSDO
221418,HKLEWS
221418,JEEAAB
221418,YYYCAU
221418,YZNOPA
221418,LTNNJX
221418,SRGIUD
221418,GEYMZG
221418,CPFAYH
221418,HSPUKG
221418,WVSEFB
221418,CRIDMT
221418,GGTAWG
221418,HDIJSU
221418,HBCOYK
221418,HRYPEY
221418,HAQVOA
221418,WZLCCS
221418,FLJQPQ
221418,DIZJ7Z
221418,ZD1GGR
221418,LPAYBM
221418,PM4GMD
221418,APKYJE
221418,CR67XB
221418,DBXRRK
221418,DJJHJW
221418,LRCQAY
221418,JFJQ7F
221418,LNPYWL
221418,DURPTZ
221418,JLGCHD
221418,MDVL2Y
221418,DBRFJN
221418,SGTFFS
221418,WLYWJG
221418,GLQQKQ
221418,WGCQQX
221418,AEE12V
221418,DCUZWI
221418,YNU6TA
221418,CW526H
221418,DVHACG
221418,EI34MM
221418,LPWJVJ
221418,TD61XR
221418,QMFKMQ
221418,VFT1VY
221418,CI4SFM
221418,HW92SK
221418,WMLTAH
221418,GRZKME
221418,MOZOIC
221418,YTJDZL
221418,LPCSMH
221418,SLGIVA
221418,YRQOQZ
221418,AHDNEX
221418,AHGZPV
221418,WJZGOW
221418,DXNBQU
221418,DZPQCB
221418,LPODJI
221418,LPSOLS
221418,YTCVJO
221418,YUSFQW
221418,MDDKHD
221418,NBBUGF
221418,YUXJPO
221418,MNLFFU
221418,SKKSXO
221418,WMRVST
221418,NXARFR
221418,YSZEFP
221418,YUFFNP
221418,AFOHJQ
221418,GTJTDF
221418,MPENAJ
221418,AGDWYS
221418,HFLOEM
221418,MQCNTV
221418,MCBLLS
221418,MQTHYZ
221418,SJHEHW
221418,DWXLUL
221418,NYTVGV
221418,YTTNVJ
221418,GZTVYD
221418,MIRNYU
221418,YGCSKK
221418,YODRGM
221418,WALXPW
221418,YEYDMA
221418,MKGUTW
221418,MJSGSC
221418,EVXHUQ
221418,JSBOAH
221418,MKJJOJ
221418,NUEFOF
221418,WCXAFN
221418,EXIEWE
221418,LVYXOD
221418,SQ5C2E
221418,UKJJYJ
221418,GDLKTI
221418,NHVPKP
221418,GCANPG
221418,TWSJRK
221418,GCYHQJ
221418,GFVPSF
221418,TK25SZ
221418,EGGDPS
221418,FNDFKY
221418,QMKBRQ
221418,EK39RW
221418,YMQSPK
221418,YPJEKX
221418,FQLDTH
221418,JFY8RI
221418,LMTLYQ
221418,CHYB3M
221418,CUUBKD
221418,MLFMXG
221418,FPPBJE
221418,GCPSID
221418,XIPIQP
221418,CRVMCE
221418,MJ78KZ
221418,XGPD5S
221418,HIKV5J
221418,IFFSMV
221418,SIBWSP
221418,LZQAIL
221418,SMZSUT
221418,XPBG2H
221418,CSJEJJ
221418,IN32QN
221418,WIDLFP
221418,AE554V
221418,DE5RKY
221418,IHBLFB
221418,FQSYDW
221418,NR4RVR
221418,RHD3US
221418,CMV2WN
221418,CRTCUJ
221418,WQZ58U
221418,GDJNYY
221418,ZGZ79V
221418,HPY22E
221418,HWMCUC
221418,HGPNZM
221418,RECI3Y
221418,JRCTPB
221418,QKGY5G
221418,EIKNSM
221418,ZMZTVG
221418,JQBLFR
221418,XGCWQI
221418,QF39MY
221418,RQGB4R
221418,AQULQB
221418,EK1F2T
221418,TEN23Y
221418,TGTKKF
221418,JFCHSI
221418,PWBYJK
221418,EPBCYH
221418,NK6PGW
221418,HNWCND
221418,PK7LUJ
221418,QGRWGS
221418,HPIYVL
221418,VQQ6FE
221418,NUJTVF
221418,YJIG6Z
221418,JKTITO
221418,YDKMMB
221418,JIUDFV
221418,XHQWPS
221418,JKTIVG
221418,NSMRTE
221418,IKUJRF
221418,IUQXGX
221418,AP3R6E
221418,ITBOKO
221418,KWZAZQ
221418,SIPNGG
221418,IVAFDT
221418,NNLZGQ
221418,IUTWLI
221418,SHTJZL
221418,ISXCFV
221418,KWHEOF
221418,ITFGGX
221418,NOTZGY
221418,ITXXTD
221418,NNVGQK
221418,KWSNLE
221418,SHZCDN
221418,KBNKPU
221418,KBOUHP
221418,IUROXX
221418,KCIJTD
221418,JMMBRR
221418,WKOHAJ
221418,MBNKCG
221418,WMQAEO
221418,LNJTUK
221418,DAXTWZ
221418,DTACIJ
221418,DDWIDE
221418,WIFJOX
221418,LQYJJY
221418,WJUVYE
221418,DTKCKW
221418,DVMFLA
221418,CWFMLQ
221418,DAXCOK
221418,CVTZIZ
221418,LPFMSU
221418,DBAFVE
221418,WHXZFC
221418,DNWKUJ
221418,WLBVWE
221418,DCOXLO
221418,WGZMTL
221418,CYONLB
221418,DAQOGM
221418,DACHYM
221418,WMSZQH
221418,WLQPYS
221418,CXMOQM
221418,CKWFXQ
221418,WKEIOO
221418,CWJCLF
221418,CXTRNG
221418,WEJVUV
221418,LCPQAE
221418,AFWQ2C
221418,OFWTVI
221418,PGQ4GS
74576,JEMNFL
74576,SDVTAV
74576,EWG28U
74576,ZKBTMZ
74576,CNU8SK
74576,EIG7WM
74576,KUKIPD
74576,KUZZMI
74576,OBWRTG
74576,OCMCNU
74576,LPBRRH
74576,VWRY3X
74576,GPWMQU
74576,SXTNUG
74576,GRQRPS
74576,SZITLR
210237,AWXZFS
210237,HUYLVT
210237,DPTSJA
210237,SZXXXV
210237,IQVTIB
210237,IRCNEZ
221419,DOXNQH
221419,NJZI4J
221419,MMRPXW
221419,YCWTAP
221419,SRVLGW
221419,STKKOR
221423,HRJQCC
221423,HSIBPB
221423,COLEIS
221423,WWJZZR
221423,LCBDKY
221423,WXHCQI
287906,JUXZGE
287906,YQPNGH
287906,JUWGUU
287906,YQOIKY
287906,GYEKSH
287906,JTKYYU
287906,JTGZRR
287906,WDLRWY
287906,WALGHP
287906,YEMWKJ
287906,BF3LXV
287906,PPTSXH
287906,AJ7ESJ
287906,UG2VWI
287906,JNPG2X
287906,UJKYFZ
287906,IKES6T
287906,UNBNHA
287906,DLL1JQ
287906,MNF9QN
3618,GKMJWV
3618,STYIFN
3618,CCVIJY
3618,ZR8M3R
3618,IXKLWZ
3618,NHBXUV
3618,KAUISC
3618,YYWBHP
3618,KCAGPE
3618,YXOZJA
3618,KFZWCO
3618,OJMLSD
3618,DQT4PB
3618,IKW22D
3618,SKVYTW
3619,KDHORA
3619,LTJJJN
3619,LDLQAU
3619,OMDPBJ
3619,DKG7TG
3619,SXZJDT
3619,CBTLYM
3619,EKETUG
3619,EITUVK
3619,GPNVIV
3620,BD62GL
3620,HFNTYV
3620,LLAXDN
3620,UMLRHQ
3620,HL897Q
3620,UFBGRY
3620,HTTZKV
3620,NLRRZN
3621,HEMHNN
3621,HEMTJY
3621,IBUYJW
3621,LVPOPY
3621,JWPFVX
3621,RFZ5JY
3621,FNXIIH
3621,RKI5KW
3621,XH87HS
3621,DSUEPF
3621,HBUDSL
3621,DNGJVP
3621,DVGHNG
3621,DSQNOQ
3621,GIEPMY
3621,SUFFCY
3621,YGFRBG
3621,IMAYBC
3621,IMMDXT
3621,DJTIPW
3621,NGPEKS
3623,EXXBEU
3623,JTJQWI
13216,ESUOJQ
13216,KJGCXS
13574,FAQFCM
13574,STOUYB
13674,HJUVRY
13674,HLOPTY
13674,JJQCRJ
13674,OKPUYW
13674,EOMLEP
13674,LTJRPT
13674,HMQQUT
13674,LTZINB
13875,GJTCUW
13875,MR3KMR
13875,KOLQAC
13875,YKSWER
15984,YEAENF
15984,EMQ2MN
15984,OMYDVD
15984,CEWF6F
15984,SIGXFJ
15984,MGKCDF
15984,WTITAJ
15984,SEUWWR
15984,YWCANU
15984,NPUBHV
15984,SHXABX
29028,HIBGMR
29028,MBMXIH
29028,CNNKKQ
29028,OJAYAW
29028,CLWUYA
29028,OBYBYU
29028,EKLUIR
29028,WINWDT
29028,GPGTAK
29028,MDXLCS
29028,ABWCHM
29028,DKWQEJ
29028,WHZNET
29028,WKDAMM
29028,DAWCRF
29028,WKEYBE
29028,IH28FP
29028,KR1HUR
29028,JPEHPH
29028,LM36QD
29028,VN6GFA
29028,YFRC4V
29028,FIYDGV
29028,GGAORC
29028,SJ6HGM
29028,SPNRFH
29028,AQXZYX
29028,LJVLVD
29028,EUXFUM
29028,KVSXVM
29028,CGABFV
29028,KVISVT
29028,FZNUJW
29028,IPCJHR
50934,FPAZLZ
50934,LTASNV
50934,ENHQXY
50934,SEMYSC
50934,ATIRCZ
50934,KHMYRL
54452,FMFLKK
54452,LQRSKD
56851,FN7UXN
56851,OLR4MD
56851,UJGWXM
56851,VKR9YJ
56851,ONQUXN
56851,VLNJMT
56851,CLEWGQ
56851,RG5GMV
56851,BLZ6GD
56851,JL8S2Q
56851,CMCFGN
56851,VG6YNI
56851,KPQVGE
56851,TJTJNZ
56851,AQ6RRR
56851,FJWUKW
56854,AMHWGF
56854,CPQNSE
56854,WXDUIC
56854,WYZRHQ
56854,CFUJTH
56854,IYIAKI
56854,LDTLLH
56854,OPKYYD
56854,FRQXSA
56854,FWPAIY
56856,DFZLSS
56856,JNWMCV
56856,LHEEZK
56856,WLXFPQ
69685,SBNXNN
69685,SCKYRO
69685,PGZPPV
69685,XJWQ7J
69685,MVTBJP
69685,SFXAUK
69685,IJJYON
69685,KCRFRL
69685,CKCTHF
69685,LNWUKB
69685,CLGXAJ
69685,DTXCDN
69685,CJCVAP
69685,LNVDHU
69685,DRKNQU
69685,OZQYJY
69685,DPWOXG
69685,OWORYT
69685,EFKULP
69685,OTFCFF
69685,CGZPHV
69685,CILXDR
69685,CDVUBH
69685,YQEALH
69685,ISLVGI
69685,NQERVC
69685,IUENQT
69685,NNRTUA
70352,IWBJRT
70352,LERQBP
70352,LUALUF
70352,OATDOQ
70352,GJIBLT
70352,GJUUVB
70352,HQQNJS
70352,WWZNDN
70352,HNVWUL
70352,MEJTFZ
70352,KTHXTX
70352,KTTTBV
70352,JPVKBO
70352,MEWFEO
70352,HNRJNK
70352,MKSSGS
70352,JTRBCQ
70352,YQDBPY
70352,MNGKBZ
70352,MRCDND
70352,FDZMMZ
70352,KTZJZZ
70352,EM31WQ
70352,TFQE2F
70352,IKCQGX
70352,MZSNNG
70352,LASWFC
70352,SMK1FQ
70352,CPGBNE
70352,YW47VA
70352,EVIOGE
70352,IWJSWM
70352,YBOUPS
70352,EOVDZX
70352,HLCQRE
70352,MGWETD
70352,YWTHJZ
70352,MFFACX
70352,MILPKF
77635,DETAJH
77635,HWQLUQ
77635,HWFDVV
77635,IPZXUA
77635,AKVBQW
77635,LQSDWV
77635,KMNJTA
77635,VG9B6F
86565,GNLL5X
86565,SVCVVH
96379,FKVCZZ
96379,FMPQAN
96379,NEUBOQ
96379,YBLUPY
96379,CQLNYC
96379,FMOPOK
96379,NEMLYI
96379,COCFJK
96379,NERJEU
96379,COGFFI
96379,SBNJDW
96379,EL61ST
96379,LJMRGJ
301327,KJUK2G
301327,NEJDTL
301327,WSSKZK
301327,YPBCHD
301135,QP5SKX
301135,VCQ9KR
300705,ELOHZX
300705,GQLLZA
300705,BEEC9V
300705,LGJ64C
3152,WK16YM
3152,WMRFOC
3152,JIBS6Z
3152,MBZAHN
8836,CSKDAN
8836,OMLSJI
8836,YDBPWY
8836,MVMQBU
8836,NGEXUH
8836,OGGUKP
8836,YVCVXH
8836,KZRAON
8836,KZTJKE
8836,KJNESC
8836,KZARDH
8836,ESAGTJ
8836,IZVOBE
78055,EVSDZL
78055,EXBWZW
78055,EZPMSL
78055,KBVXOM
78055,MXADJI
78055,AMXTLI
78055,FTWGKW
78055,FYWBXH
78055,SLHCLD
244460,HEQQEQ
244460,WRUAJF
244460,DCQFDO
244460,NNZKTQ
244460,NYTPQC
244460,WEZYCF
244460,CQDJJU
244460,JFQKTI
244460,FJXDKX
244460,FQAXAH
244460,ASRNXW
244460,OKWWVB
244460,FNMBIZ
244460,FOCMSH
244460,JJFCLU
244460,QN1J6N
244460,SFFDEZ
244460,EXCDCT
244460,GBRVSA
244460,IAZRMK
244460,IKFYTV
244460,AKB2HT
244460,OEDRQA
244460,ILEPUT
244460,NPLHYH
244460,GLZC2Q
244460,GNVWAA
244460,PGHFNF
244460,KKNPHR
244460,JIGZKJ
244460,ONBROL
244460,ANYEDU
244460,IZUXCZ
244460,EAOLIK
244460,NKHXWJ
244460,NMRIYB
244460,GGMCDV
244460,HCCGYE
244460,KSMBRQ
244460,KVATHF
244460,LIRHQR
244460,SLPPDN
244460,YQXYTR
244460,CADQFA
244460,HKS75D
244460,YONHQT
244460,LPY6PH
244460,YQDTLX
244460,YQPULP
244460,BLS1MQ
244460,DHUAIP
244460,SKCWMF
244460,AJDORS
244460,FUBRIU
244460,NALAMN
244460,GCSWEO
244460,GCYNOP
244460,IMWWKN
244460,YWKNPN
244460,AWAVSU
244460,EDZZTB
244460,EGJVTP
244460,ZQGWSH
244460,GJXIXC
244460,SVMLEO
244460,EQHFXR
244460,WXTYAK
244460,KMZFWN
244460,LXPGHG
244460,EMXEVZ
244460,NVIIBI
244460,SWOACZ
244460,HGQYEL
244460,LOFTWA
244460,GUYBQE
244460,MAGJCM
244460,LOWECA
244460,NVYPZH
84010,WTTXOF
84010,ANPEXX
84010,KKXHWC
84010,DVOWMJ
84010,LEZFEA
84010,IKGIEH
84010,JDODYW
73013,DEFNOG
73013,WGFDAE
34889,EIFBYM
34889,SZKSJM
34889,AVZTER
34889,OUDJBD
34889,NJZYOB
34889,AXHPTZ
34889,FJMRBT
34889,CNRXWT
34889,TP3L5H
34889,CSBYBQ
34889,JP2Q4U
34889,LHXLAL
34889,TFFD2V
34889,FZKJRG
34889,HAVLNX
34889,HDEXHB
34889,APDDTP
34889,ATGJGF
34891,WGQNSI
3154,HSTWLL
3154,YJRKKZ
71071,DMNFAC
71071,LWLQVH
71071,IJPEMU
71071,SIQDOF
71071,JSZKQY
71071,KNFOIL
71071,MBPBKN
71071,NXJTFD
216627,OYIEXJ
216627,OZXKWN
216627,HMRNQQ
216627,LSMXBD
216627,ODQBDV
216627,OEEEVL
216627,AGBPBN
216627,CENRMO
216627,HDXLZU
216627,LQXHBG
216627,GIQFEF
216627,IFPFUV
216627,EFMOQL
216627,LODGCD
216627,HAKQSO
216627,HQV6JB
216627,HVIHGR
216627,SDYCFV
216627,FMMCDE
216627,JHMPSL
216627,DKGFHU
216627,WHCEGS
216627,CMGRDT
216627,OZZBCS
216627,MP518U
216627,WJ6C3Z
216627,KMI98N
216627,XDPHYB
216627,AEIDNT
216627,CGAXNO
216627,CEZCTW
216627,WGJ5PV
216627,CFYEYF
216627,IWRXTF
216627,CIZNHM
216627,WDUHFT
216627,WRQBTC
216627,YDRAJV
392009,KBSNGL
392009,KDQAJP
392009,OOJCWQ
392009,LXQHPI
392009,YLRSTD
392009,LQESOC
392009,NYCCSL
1972,EQHJNL
1972,LSOFOR
1972,HETKXY
1972,IUMCQO
1972,FLHGQC
1972,GKYRPP
1972,DJCU8G
1972,LQ6P7R
1972,WNOOIR
1972,CGUSMP
1972,FKUPGB
1972,GMPTEP
1972,KEHGNY
1972,UMSV7A
1972,FRKEUN
1972,JXQDFZ
1972,FVMDFD
1972,MQLUIH
1972,IJVZFW
1972,MWNJIJ
1972,EODICW
1972,WSIMDV
1972,EPEGGU
1972,SHYECU
1972,MDCAEZ
1972,GQIIMN
1972,HEUURW
1972,HHGUOO
1972,GH1JJC
1972,YCMT2B
1972,GKDKIT
1972,WPLBVQ
1972,JXDFMI
1972,JZPTYZ
1972,MZDFTE
1972,MZXBCO
1972,ILJGYB
1972,NOAZHO
1972,FKZRGO
1972,HMK2PA
1972,JDS5KL
1972,MUAKFP
1972,CBEPOF
1972,LYUNHG
1972,SLLNBQ
1972,SLLSWB
1972,ELRJPF
1972,IANLWI
1972,ELROTY
1972,NSIVGH
89763,GRVBNT
89763,WHEBQQ
89763,LKCCKD
89763,YAXWSM
89763,CHMZKX
89763,ZK2V8J
89763,DLHCWR
89763,NHCYOZ
89763,JADDET
89763,WRJKDC
209853,NHCEEP
209853,NFNYLX
209853,CPQPWV
209853,YAARZG
209853,YABXNJ
209853,YAZSWG
209853,LYXBOX
209853,YKBXUL
209853,GDKCEO
209853,MMMEGW
209853,EWQLFC
209853,JVAMBZ
209853,EWHDUQ
209853,IEUHJR
209853,EWEHDB
209853,JSLHGX
209853,IGUMDT
209853,IHDUGE
209853,MJFMML
209853,MKSYCE
209853,GAMONB
209853,YNSFZY
209853,GCGPXY
209853,KPRSHA
209853,YWICTN
209853,HWDV8H
209853,JZVLWX
209853,MHEQJP
209853,MWPGBW
209853,MWVRLI
209853,MAILZT
209853,MBNVUN
209853,HZMVEG
209853,WGXTGD
209853,NFPZ6F
209853,ONUAWU
209853,GPOPWZ
209853,WFLAVT
209853,LEHKMF
209853,LFSD2S
209853,EMBYRP
209853,MBCREE
209853,CTPDYC
209853,GBJEFI
209853,WOJJWP
209853,YMDYEY
209853,CUDRDK
209853,MFBGGR
209853,MILORL
209853,OUEULU
209853,SOFZRM
209853,DKNDMN
209853,IPXCUK
209853,KNCRDE
209853,MMLYXM
118489,FFPARP
118489,FGCNMS
118489,LTZXUK
118489,AUCEVS
118489,FNJ43X
118489,FORAYS
118489,SESJYA
118489,CVBEJO
118489,KEHWJU
118489,OPDRUY
118489,YLDP9T
118489,HMDKSN
118489,KMLENA
118489,HMQRHI
118489,OMEM3N
118489,HKGIXY
118489,UN9CRQ
118489,AEBWLC
118489,DMTHKL
118489,LWWXVP
118489,SG2SGV
118489,DELHXZ
118489,HMMNMA
209852,EFUIPF
209852,SL3KGG
209852,DEWB6F
209852,GHEEMP
209852,EXLMXU
209852,YETKUL
209852,KFENVM
209852,KHZTKZ
209852,FFPRNF
209852,NRQDGH
309260,SQBH5R
309260,FAJTVG
309260,FFLVRX
309260,XI8GXC
309260,ZIR58M
309260,LZWEHE
309260,CKVUJR
309260,HDLGKH
309260,OFMHGJ
309260,ZFRH3V
309260,SKSABO
309260,YSSYXZ
309260,SEFIVK
309260,WFM2GI
309260,IFIGUJ
309260,IGLGIU
309260,OHWQWW
309260,SKCGBF
309260,EYOAPB
309260,YOEQHK
309260,JUJASJ
309260,MJZVMF
309260,JVDDNQ
309260,MMASOC
309260,EIOIVX
309260,OZJWER
309260,EWMYNY
309260,YQOYFY
309260,EWZDZX
309260,PGY56S
309260,MN2YNA
309260,YPXOJW
309260,GCNIHQ
309260,GEAJCD
309260,GBROYV
309260,JTSDAS
309260,JTZQTX
309260,IISM7J
309260,QKMM2T
309260,SLKPNH
309260,YRWGNU
309260,WARPYW
309260,YHJLRX
309260,GWINSQ
309260,JTPVCZ
309260,FFXXBE
309260,WRITMG
309260,JSDASI
309260,YQVQIT
309260,JRSJJD
309260,YNCBUT
309260,SKNQUZ
309260,YQYBNP
309260,OK32QJ
309260,WCKNTE
309260,FEYHHY
309260,GVXRJD
309260,DGGHFC
309260,VNPMGN
309260,IKURWG
309260,RJTFMJ
309260,CQFSQR
309260,SMUS2N
309260,WGXFOE
309260,NSYBDJ
309260,PKTTXW
309260,ON2UNA
309260,UESNJL
309260,LGKNMY
309260,LPKTPK
309260,DSNLUI
309260,LPVAMA
309260,DDZKIE
309260,WIIOPK
309260,LFEGLT
309260,OAQXTR
309260,GQUUFK
309260,KK7RNW
309260,ELSQMT
309260,GOBOVR
309260,LHPCHE
309260,LQVLWT
309260,HK9VRW
309260,TLUN4Q
309260,LPJCXW
309260,LQYNJW
309260,DRJISP
309260,LPDVLM
309260,LQBODM
309260,LGYZCH
309260,LOIRJY
309260,DSBZAV
309260,LPOIWG
309260,LHCBCX
309260,LNRNHR
309260,DRXDRF
309260,OWHJKE
309260,CJAKZQ
309260,EBGIRK
309260,OK7RFW
309260,CASTUD
309260,EPXSVW
309260,SGZXWU
309260,ALNVGV
309260,DHCLHZ
309260,FSOLSZ
309260,MNQCTH
309260,HWDDPD
309260,LQTMST
309260,DBBFQV
309260,HWCYIK
309260,JDAYPT
309260,OEWVRR
309260,DLABDX
309260,FZNINN
309260,AFZSOL
309260,DIZYZE
309260,FRLDNQ
309260,FSKTHF
309260,ADREDU
309260,CFVGMJ
309260,GDAIWN
309260,MNXOJS
309260,NDFIAZ
309260,FQJNDP
309260,IEWEEJ
309260,FPOIUI
309260,LXMMMU
309260,NWTOYE
309260,SFFVWO
309260,IUBXVM
309260,SFDMCU
309260,NLJCKK
309260,SOKTIP
309260,CXVBQM
309260,CYOWRZ
309260,NIVXVK
309260,SNZGTM
309260,COESAF
309260,MSZWVD
219924,JRKGZE
219924,JVCOQQ
219924,NBHSOO
219924,ABOJBV
219930,VMRGRQ
219930,IMSORQ
219930,NNCUIA
219930,JVRBQV
219930,MLHCST
219930,CJQEGA
219930,QJ9QRM
219930,JHTDMM
219930,SNROPG
219930,KUNRFM
219930,DJKDBW
219930,FQFISG
219930,CALMQH
219930,XFBPHY
219930,DFQHIS
219930,SLNVAM
219930,HQEJUG
219930,IRJJQM
219930,EKIMOU
219930,IBTUCD
219930,IVKWHN
219930,JKDJZT
219930,KYFCNA
219930,AWQDPH
219930,GVAUPK
309353,CFZMYC
309353,JARJZW
309353,MHMMOT
309194,ERJIXN
309194,JPDBON
309194,IVECUR
309194,KKFC5T
309194,CMXLCM
309194,GHWLGX
309194,FCQPXK
309194,HIU39J
309194,MNEVON
309194,SLLTXO
309194,OGIYLS
309194,OGYVPI
309194,MRDKVM
309194,SLTCIR
309194,SMGTZX
309194,YPKBUN
309194,DJGQXR
309194,KRITIH
309194,GPJXNV
309194,ODQFYQ
309194,DGBWEK
309194,PII38M
309194,CAQUSM
309194,YOFRDW
309194,WKYPQY
309194,WMJNLZ
309225,IWOWUO
309225,CIPKKW
309225,NQTGNP
309225,NWWFPK
309225,GVNIIM
309225,MBMTZE
309225,GUYIDH
309225,MAIKDB
309210,EQ98HR
309210,SEBK8Y
309210,IWZSEH
309210,WVESQP
309210,WVFZEQ
309210,LZVMOI
309210,XGLVQV
309210,LYKFHO
309210,SFRFAR
309210,ADBT8Y
309210,SR7IHR
309210,CIE88J
309210,TH1B4C
309210,MWZWRI
309210,XD6EYR
309210,KEFBYL
309210,XMCD6Q
309210,IMAYWZ
309210,WRWBSW
309210,PL2JFT
309210,ZM9VNT
309210,QW7N4X
309210,VH16NF
309210,NPXVPR
309210,WUROGV
309210,PLS8KD
309210,QL8EFT
309210,KKZSWJ
309210,YPYI6H
309210,WWITVZ
309210,YCSKGZ
309210,HJJ6SJ
309210,JOUKVL
309210,OXMBIM
309210,OXZNIB
309210,AIQCHJ
309210,SWPNUD
309210,RHCT3P
309210,WPAOOO
309210,EGRVSL
309210,EHCAGH
309210,AJEJHW
309210,VDDGPB
309210,FF9HJV
309210,IL36MT
309210,SAWPTE
309210,SDTUES
309210,YCRJYG
309210,YEOVYL
314727,IZKISG
314727,KKFUNR
314727,MTAYRP
314727,NENFTX
314727,KVXAZU
314727,SN2ITQ
314727,WK7UHJ
314727,YAUTMQ
314727,NBJLMW
314727,SGIHJF
314727,MVNMDJ
314727,YFUD3V
314727,CHU9MM
314727,GLYHJD
314727,WJCAZD
314727,FJXRSC
314727,MTJESO
314727,NOSKYX
314727,SFJGBL
314727,CMUMCH
314727,HCBFLI
314727,ISYUJJ
314727,NYFAIA
314727,EUNKAR
314727,NIOBAI
314727,LKMCTI
314727,NEZZGQ
314727,IZDDOI
314727,JRDOIW
314727,JPSJUW
314727,NFPWHK
314727,EJQUMG
314727,GNYFIW
314727,YWUUIN
314727,YWYICX
314727,MKKDWW
314727,YBMNKD
314727,IKHACZ
314727,SHHWAG
314727,EJNZAL
314727,NTOZWI
314727,EMHYVX
314727,SZGKZU
314727,ICSDBV
314727,NUCXHF
314727,RGB62S
314727,NSXPZZ
314727,ZQ5I3U
309227,LQCWNE
309227,GII56J
309227,CHTVEP
309227,FOBTDD
309227,YHFY5C
309227,WEDQYI
309227,YRRZPL
309227,LBOOQL
309227,MUILKC
266820,GRLILY
266820,GWIRLK
266820,KWIUPE
266820,YSWIUQ
266820,OJRQSJ
266820,SINGSP
266820,EOSVPB
266820,MCBSFM
266820,WSJHNZ
266820,HMBQCU
266820,PQVUXE
266820,CQKUOW
266820,MTRNOO
266820,CYCTPB
266820,YBDNND
266820,FCORFL
266820,GXHKBT
266820,NXZODX
266820,WHCONH
266820,EONWYB
266820,MCTFAV
266820,NSVTSR
266820,FLRXMS
266820,OPSRKX
266820,CTSSGV
266820,YLYPIQ
266820,GACDXS
266820,FSDMHK
266820,LXBSCX
266820,YWNJUC
266820,NOVFXX
266820,CUSRGV
266820,WQSDYX
266820,OKGQNL
266820,OLMLOM
266820,DNKLTO
266820,LHIASC
266820,SQREPD
266820,IYNJRL
266820,JCLFCV
265884,CYEPZQ
265884,WDQZXO
265884,HVXYTP
265884,SWWIZS
265884,YQIBJE
265884,AQJUDN
265884,KJPURP
265884,AGBTFE
265884,KKNAVZ
265884,ADHPSN
265884,KYFQWE
265884,ABDSZP
265884,JNMBQM
265884,ENSWMP
265884,YYGELL
265884,NOKEUV
265884,NPNDFW
265884,LG53HF
265884,LORHNR
265884,EWRNYU
265884,STNUPH
265884,YFCQFQ
265884,YHCTVG
265884,GIXNIA
265884,SRRJVA
73537,GDWBIN
73537,VNSEPN
73537,YXMTIH
73537,OUGHRG
73537,SBKRBY
73537,INIJDW
73537,IPCIAI
73537,FVUQZT
73537,FYMRLZ
73537,JM8ENQ
73537,WAKUDL
73537,FWUEYO
73537,VRB5TE
73537,AQY8GB
73537,YETGTM
73537,JNBLSH
73537,NFCYOF
73537,FVUJQD
73537,FZRROC
73537,WPOESY
73537,WPYZEI
73537,OGUHZC
73537,YHRKVM
73537,HEIUWC
73537,NXKDWX
26868,NXWCCZ
26868,ODIKAP
1986,IWQLWX
1986,ZQZ73U
1986,PHPIYC
1986,TWZ29K
1986,IJCMVJ
1986,WELSSA
1986,DXPBMX
1986,NCMHGS
1986,LMEUCE
1986,AGJQRF
1986,HEWZVF
1986,HIJJRP
1986,BQCFHB
1986,EDIQKL
1986,KWTZXN
1986,NPZ5NX
1986,JKQF5D
1986,RJ1RFM
1986,KQNHDG
1986,YEMSCB
1986,LLCRGI
1986,SLRURA
1986,SMFIGC
1986,SG23HV
1986,VMYLGD
1986,IWDBYK
1986,PJ8UWM
1986,LPPEQR
1986,FIIKHC
1986,HRBYNH
1986,HPCKYB
1986,ITZQNY
1986,CIKDBC
1986,KULIDZ
1986,AEUZWI
1986,MQYAYH
1986,SMUQEI
1986,ZHQMXS
1986,DECIVX
1986,GTROJO
1986,FZQPHV
1986,KRPLGN
1986,GGIUQS
1986,GW1WJK
1986,GISUUW
1986,OFMXEI
1986,OCMKFZ
1986,SNIGIC
1986,CLRVDS
1986,SONXSK
1986,KENNXR
1986,MSHAZX
1986,FFHBOJ
1986,ON2YVA
1986,NIUQNM
1986,ZJ1KSP
308906,ABNCXJ
308906,EMSDPN
308906,KZCEBU
308906,SAQKNK
308906,CFROZO
308906,HOBKIQ
308906,CFTRIQ
308906,DKEZEN
308906,JOTAZO
308906,VW3RQN
308906,ACIAGT
308906,ACROIZ
308906,CFRYKH
308906,IQMDYP
308906,ABPSNR
308906,FXQYSE
308906,ACMYWB
308906,DISJPF
308906,FBSJRC
308906,SSHYLM
308906,SSUPGU
308906,WPGEFB
308906,FAYWGS
308906,WPIPGL
308906,YKDJQS
308906,YMICFK
308906,JWONUQ
308906,WOGZEE
308906,WQPAKV
308906,YIYQAV
308906,LERRMF
308906,AEIDYY
308906,JFWMCQ
308906,DKMLOF
308906,FYSKEW
308906,CIMYLR
308906,JIAOBN
308906,FWRJHK
308906,FYXYUP
308906,ALWHZQ
308906,FWYXFF
308906,ACQQSM
308906,IQCUNI
215893,RRZU9B
215893,UF15RL
215893,NNIYQN
215893,OQ9YFE
215893,INAQRI
215893,KTDHJC
215893,IZAAZC
215893,KRXJJL
237352,DHCQQI
237352,DIAWEW
292516,CRTPTG
292516,TCNGMR
292516,CENFYI
292516,KASUIH
292516,CSZTFN
292516,FWH7PX
292516,CXVETB
292516,TDE3JB
245951,EK5H7T
245951,HE91GY
245951,SWVH3H
245951,NNHLQN
245951,SNW8NN
246291,GGHCQS
246291,MMVHRL
246291,VNV7NN
52449,MRVGWQ
52449,GGNWUB
52449,LAGQVB
52449,CXGLJW
37003,IJACQW
37003,WEJOFY
37003,NYAOQI
37003,ODVADO
37003,WFPDPW
37003,WHYIXY
37003,IYADSB
37003,LKUAGK
37003,FERXAJ
37003,FGPBNY
37003,ENKOMX
37003,SGJVWP
37003,JPIKQG
37003,JPZLFW
37003,ESNNAN
37003,YCGPEI
37003,LFBUQH
37003,FVGGOB
37003,FVOAKW
37003,AHRBKS
37003,FXZFKT
37003,MR77TR
37003,LMGYSQ
117788,YDXHCY
117788,AINMYC
117788,YDLZKB
117788,AILLJB
117788,WKHRQJ
117788,EWBFBF
117788,MSCHVT
117788,FXUNTG
117788,ISUSHQ
117788,IJJSNE
117788,YVOXPI
117788,KWXKPS
117788,DEILDN
308822,GYODLJ
308822,KEANBG
308822,KEEAEB
308822,LWQHCN
308822,CGLROT
308822,KLZSES
308822,CCUHMH
308822,DEVCNN
308822,KTPIOS
308822,KTSTEM
308822,CAKXAS
308822,DEXSLY
308822,KKLDFW
308822,KKMNPT
308822,DFEUBO
308822,IOWNXR
308822,CCSAPM
308822,DKJSXM
308822,CDTTGE
308822,KTMDZP
308822,IOPYUC
308822,IOWKYH
308822,YHJAJE
308822,YIJESV
308822,OHFAPQ
308822,YSLYIP
308822,JTCWXW
308822,YNXLIV
308822,GBTYNF
308822,IEOFJC
308822,JUSPQV
308822,MJOEBE
308822,KLSXHQ
308822,OPPHOD
308822,SDJVIT
308822,CHAWYQ
308822,ELREZK
308822,IWWOEJ
308822,NVPVAM
308822,JFDZAZ
308822,VLYH8T
308822,ATICNY
308822,SCEYMU
308822,AHLB2Z
308822,JMB6WQ
308822,GMTPZQ
308822,SRPGYB
308822,FBZPLN
308822,JYMSBO
308822,IHWSAI
308822,LYNUNZ
308822,IHRQSD
308822,LWHCKG
308822,HUJQFB
308822,DMNHLQ
308822,IQLWHP
308822,AMOCXL
308822,IPJXZC
308822,KBLMOB
308822,LFXWWY
308822,OCRNQH
308822,AWQNPC
308822,OTZPGZ
308822,AYIZXZ
308822,LIFOCN
308822,LHYFEI
308822,OSPLQW
308822,CVSVSS
308822,MSAAAQ
308822,CQXBIG
308822,FKNVAP
308822,GGJERE
308822,HCMXIT
308822,NXEGPF
308822,LIMOZR
308822,OUXXCY
308822,SNFFXA
308822,OMGEIR
308822,LCDCPI
308822,WLHXHP
308822,KGXKON
308822,ANPAIL
308822,ATKZSE
308822,DUJJIY
308910,ASHQJQ
308910,LMY6WD
308910,IKQXMY
308910,ILIEKA
308910,IMIWVK
308910,IUEZCZ
308910,KBYINU
308910,MWPAKU
308910,IJLEZE
308910,MYJMUT
101068,PGI6TF
101068,MDUW6Y
101068,CBFORF
101068,EVDEAK
101068,HFNQRV
101068,PF9DWY
101068,QMGIXD
101068,SGCBRV
101068,NNNERI
101068,YK99MZ
101068,HJWSPD
101068,HKWFMU
101068,NRFKWS
101068,PJ88XM
101068,DDBMMU
101068,WUWTAU
101068,DEGHMF
101068,ILYKCH
101068,XPSRRX
101068,YDUJYB
101068,QME88A
101068,YJNL4J
101068,NHW1MP
101068,NNYJCF
101068,RI7JMP
101068,UWIL4X
101068,FIDZ5J
101068,IVLHUA
101068,NRAISS
101068,NYRLIU
101068,IMRJKZ
101068,WVPUYT
101068,JDLL2Y
101068,NZCCHY
101068,FHTINC
101068,HFNLIT
101068,WGYSFC
101068,WIQXAS
101068,SAZCLI
101068,SQXFXT
101068,DBHVPJ
101068,JKSHKK
101068,OK6MGW
101068,OUKMIO
101068,NWQOKO
101068,NYMVEM
101068,JFHAZL
101068,NJVZXM
101068,COSSXZ
101068,FKIVKK
101068,CPQCBC
101068,IZYOXX
101068,JGKIZX
101068,WXGVBX
101068,HTGESA
101068,WYULYL
101068,LRIXHO
101068,WFK4SY
101068,FOGNIL
101068,YWFSOR
101068,YXFTRI
101068,YXTHXT
101068,SERGCY
101068,YJGLGX
101068,FF15GV
101068,QK8YMJ
101068,AGGITS
101068,NBECBU
101068,BWC97U
101068,JEIEJY
101068,GMLLCD
101068,KODGQP
101068,DAGMXR
101068,GTIQKN
101068,ELRHQN
101068,HVXIPY
101068,WESNVC
101068,EQQDHB
101068,WFFCZA
101068,KMGD6N
101068,KNK8VN
101068,EWDIHH
101068,HIRZ6J
101068,KHICYC
101068,WHSEKC
101068,DTBVQM
101068,OCVVLT
101068,LIAAIC
101068,OVTTBK
101068,OACKTU
101068,OZZOLJ
101068,WWNM5X
101068,IJUCUZ
101068,SFYZPQ
101068,IKMKGD
101068,WUAMUF
101068,FCBDGW
101068,SSNNNR
101068,FHH82M
101068,PEUUKY
101068,FBCRKU
101068,SVMTOQ
101068,WIHABN
101068,WKJOTJ
101068,IKFZYW
101068,VM7C6Q
101068,JHPPWP
101068,UGTVMF
101068,SVSXIX
101068,WLCZVH
101068,LPJMMJ
101068,SXFFEQ
101068,DRIURY
101068,FJFWAA
101068,QGW9PF
101068,VP9UHX
101068,DTTKME
101068,UCIDHR
101068,CJWKVR
101068,LPQWOM
101068,LQZDJY
101068,WHTGWL
101068,CJTKAT
101068,CMULIA
101068,CMJIXK
101068,REQWWL
101068,DDSTVD
101068,WIPHTN
101068,ACKDQH
101068,IOGMFB
101068,ADFUQK
101068,XIMBNP
101068,DP93XH
101068,FEP88V
101068,ACPCFL
101068,DKTAUI
101068,DJTXII
101068,FZOLWZ
101068,DJOQDH
101068,IQPMMY
101068,HKU9YG
101068,YKGTYZ
101068,ACAJSH
101068,KVBGCL
101068,BE8P4V
101068,SW1NSN
101068,FWKCGI
101068,FYIYAD
101068,AEBETH
101068,DJTXKL
101068,CFFBWC
101068,DLHSIF
101068,ACJWDW
101068,IOHAQN
101068,DJKMNG
101068,INTYYQ
101068,ACCFLN
101068,IPBGHC
101068,IGJBSS
101068,SJZBLR
101068,AHXZJB
101068,NDNDXP
101068,AHCUWG
101068,AIQVGP
101068,MQATJG
101068,MQFZQF
101068,DZXKXW
101068,OJEFIZ
101068,DFCLZR
101068,SLHYOF
101068,NPYU5U
101068,VEJLFL
101068,YQEMME
101068,ZMBLHT
101068,HJYWJC
101068,LJNSQX
101068,NESGYG
101068,GDHG3Y
101068,IZERLA
101068,IXHMFN
101068,NFBLAH
101068,KRJMRF
101068,LW614X
101068,DMZYDP
101068,IXFWIW
101068,IZCLRM
101068,IZPKBJ
101068,JPDYUX
101068,ZPVY7U
101068,JNCKND
101068,NETEOI
101068,WUEJBU
101068,WUSYFL
101068,HLHUMI
101068,MEVGNB
101068,LHFRHP
101068,MFVPCT
101068,HBWCGU
101068,HDOQYP
101068,CYIDPN
101068,MUZLCE
101068,MTHFWU
101068,ONPOTD
101068,FJLVSY
101068,FLSIYW
101068,WI2ZNC
101068,ZHJUSF
101068,GMC59N
101068,YDGPDE
101068,PPPHUH
101068,SVGHGW
101068,KOANIX
101068,YEBRRC
73665,VMZT4Q
73665,ZCVVNR
73665,ZHE2WF
73665,JHOUDJ
73665,WZPHDI
73665,GIOZOB
73665,HCWUZZ
73665,GIHKMO
13625,WHPLXU
308823,PK5Y9G
308823,ZHVYYS
308823,CXTTWK
308823,DSRVVG
308823,AUJXXT
308823,NBCAAL
308823,TKJJGW
308823,QEP2XL
308823,YKQKRJ
308823,CNRQVP
308823,FJJSGH
308823,NTOCTQ
308823,MUVOZI
308823,YBQVUC
308823,VR1D2B
308823,PHCMQC
308823,GLERST
308823,OMSRJK
308823,FBJHQX
308823,GTMFES
308823,JYOPFJ
308823,LPATIW
308823,GIUQHR
308823,YWILMY
308823,YZWEJP
308823,ACLQJQ
308823,DMTFZK
308823,AAMMCY
308823,EOHIFK
308823,KDRBAW
308823,LCWHXZ
308823,ONYYTO
308823,FLVIVT
308823,HTONSM
308823,NSYDKP
308823,NTPAAA
308823,EKQQCW
308823,SEF4KL
308823,MNFNMK
308823,MOPKWA
308823,AETWRY
308823,NDULJO
308823,AMXJUW
308823,YRNTZQ
308823,AMRYEK
308823,YROWKF
308823,GIWUXD
308823,ABERTI
308823,CGTKWG
308823,FULQNZ
308823,IQQRDB
308823,SFFYDH
308823,SIGORV
308823,IMPUCN
308823,NNMXIQ
308815,HXBPVC
308815,NURAHS
308815,CIBYWN
308815,KKLXQS
308815,DJAUXY
308815,DMIQZC
308815,NGGZOI
308815,NINMFI
308815,KPVTKJ
308815,KWWJQX
308815,AFIXZX
308815,FYGGWU
308815,GLVRHP
308815,ONSUCX
308815,FN9B7K
308815,HAGFYX
308815,WSBVOG
308815,ECREEQ
308815,EIEPCA
308815,IDRTPG
308815,KESSDS
308815,LDDPFL
308815,KKSROO
308815,ONLUKR
308815,AISICP
308815,AMBNBR
308815,HOVOQO
308815,JLSVYN
308815,MXHIER
308815,MYIZIV
308815,JDLSHT
308815,MHDRKH
308815,JPZXLA
308815,KUVIUM
308815,ABOZJR
308815,IZJOJO
308815,OWGCFT
308815,SPTPSD
308815,GVUVEK
308815,YPFYQF
308815,DGTJCK
308815,YRBZYI
308815,GCV62L
308815,SKGRTK
308815,CICDPM
308815,YNQRKA
308815,DHBHQM
308815,DHPRIW
308815,DHHGJV
308815,YNHOBC
308815,YRICGI
308815,YVCNHL
308815,GHJZ3M
308815,YKVPWJ
308815,GYLQJR
308815,GZDPWL
308815,DGBVMR
308815,YPRGAB
308815,CCKWQR
308815,YVEGCN
308815,CEETJP
308815,DJWNGV
308815,SLESLV
308815,DGBKPU
308815,DHDOHP
308815,SLKVXK
308815,YPMKAQ
308815,SLHQOJ
308815,YTYENG
308815,CDGTRX
308815,FHQG8M
308815,YESANS
308815,YGFXBI
308815,JRXLQQ
308815,YHBPBZ
308815,JUAEJD
308815,WEARPV
308815,EXNMEJ
308815,JSFDJS
308815,STDHGW
308815,IMVHIU
308815,KDUFQF
308815,NNOHKT
308815,NNWHID
308815,WSWYJO
308815,WVQCNW
308815,CFRZWZ
308815,FYIKYD
308815,FZMJXN
308815,IQVCLQ
308815,EOIBGV
308815,TLG84D
308815,LQJ4QE
308815,MXFYZF
308815,KAVJDD
308815,KBNSDV
308815,ENLPSM
308815,YWUVGR
308815,MZYLVF
308815,NQZPUM
308815,HHTLYM
308815,HHVOQM
308815,EMXZUY
308815,GTZJCW
309140,FBSSAR
309140,MJVCPJ
309141,NG62TV
309141,UP7USK
309141,FKWGVB
309141,PNMUQN
309141,SEBSIO
309141,WVWQFV
309141,FF4WTI
309141,LFZD5V
309141,FJBMXC
309141,FLDZUH
309141,WMMTZM
309141,WMWCKK
309139,ENCNDC
309139,YXCNSZ
309139,HFLVVV
309139,TP7MXK
309139,WKDTKR
309139,WLCCZC
309139,WLMHRR
309139,DRQHXN
309139,LFENPI
309139,NMQDGA
309139,YKEFSZ
309139,FCTFVZ
309139,OK8BFW
309139,CSNVZF
309139,CUIVFE
309139,FAVRFA
309139,FDZPRQ
309142,CJPOSX
309142,OZIHAF
309144,AMSNXM
309144,KLPYOG
309144,SH77VF
309607,HHXDHD
309607,IJWEOT
309607,CLNIKA
309607,WMNFKI
309607,DFVLYY
309607,DGGHXR
308891,FDAMHQ
308891,SRRFUR
308889,QHUQUC
308889,SCHHVS
308889,IAHTBD
308889,ICMXAM
308889,HIRWKH
308889,YYCSXE
308889,SMMZ6A
308889,YINCVC
308889,BWD9FH
308889,YOXEDR
308889,AOYYBI
308889,LKHHRK
308889,NGFZOK
308889,VJ554Z
308889,FWRW6U
308889,LJZWRN
308889,NGJEOK
308889,NUMKOP
308889,HJHKTC
308889,YVSYTV
308889,APNF3B
308889,ZCLNQE
308889,HHPENA
308889,MCPHHB
308889,MCGQRN
308889,NSFMPB
308889,OBWCAI
308889,ODWOSB
308889,CLLJQV
308889,WIMWDD
308889,CMVPDZ
308889,LRATFY
308889,CKIBWK
308889,SVXOAR
308889,AXNRDW
308889,EDZJIA
308889,EFXQMR
308889,EGVDJW
308889,EERKAG
308889,SOPUKY
308889,AYJTCM
308889,HUKTXA
308890,DSZTVN
308890,QCRHWR
308890,KNXSPK
308890,GHRG9M
308890,WNGLTX
308890,JXXCJC
308890,KQ477R
308890,FDDBSU
308890,KNMQNA
308890,ASYFFM
308890,OKDTTM
308890,KGNYXX
308890,LBWUGF
309629,INJOEB
309629,SYWPTM
309629,DIQTBW
309629,NSWQAL
309629,FFYXEM
309629,ELGGHJ
309931,ADAAHC
309931,ASVIJP
309931,KMOXLT
309931,KZJURK
309931,KLKVOG
309931,KXJFQB
309931,GKTGRD
309931,MIHAJN
309931,STHHOS
309931,GLCATG
309931,JZPWJX
309931,MHMUBM
309931,JCJUOJ
309931,JVVFYG
309931,JXKSYO
309931,QJ99FZ
309931,TDZBHB
309931,FGRJZI
309931,ILBKNF
309931,ICDCDS
309931,MXZSXO
309931,FIOJMN
309931,MZMOXJ
309931,FCRUYC
309931,RIMHWP
309931,COBJDR
309931,HRTZWD
309931,COOUQX
309931,HVHBXJ
309931,COYXIZ
309931,WWPNLS
309931,CPTZIH
309931,FLYYKD
309931,HTGYBQ
309931,LBNNZG
309931,GMQBJN
309931,WIS1WP
309931,FDZMCM
309931,GKNCHZ
309931,WNFNKZ
309931,WPTQZR
309931,EYRBAR
309931,SVIAJR
309931,GIYPGC
309931,GJVXBZ
309931,ALDCWC
309931,MNKQTS
309931,FP38UH
309931,SCQQPR
309931,CWHUVH
309931,LBNZRY
309931,CWSKYD
309931,KETPBM
309931,OOXLEV
309931,OQPTOJ
309931,AVCAQI
309931,PGI4NF
309931,LAYHOH
309931,RD2MTR
309931,CAWLDS
309931,CBVXAY
309931,YNHQAO
309931,AUNFVI
309931,OKPOXG
309931,ODOOPL
309931,OURPOA
309931,CJTRMY
309931,OVXXSU
309931,OWAJIW
309931,OYYBLG
309931,SN5P7N
309931,YWKETN
309931,ITADIC
309931,NOZPOB
309931,IKYLIZ
309931,SHPJWT
309931,BEVSHV
309931,IVDRUV
309931,IXPOAZ
309931,SHQMXZ
309931,KAMLYU
309931,NPYHMX
309931,SHMSPC
309931,SHNXBX
309931,SHTSEQ
309931,WRQQEI
41036,KFUJMG
41036,LAYIIB
41036,KHRWBM
41036,LCFVUR
41036,HKNMVW
41036,JQP7VR
41036,MAFBPF
41036,WRLRNJ
41036,KJSE3G
41036,PKQPFG
41036,HFIJNX
41036,HGAXCM
41036,FTNHSP
41036,FTYNVG
41036,DEUNMO
41036,FSPUXE
41036,WSJMMX
41036,WUBHBF
41036,BW2USX
41036,MN24NA
41036,HKQFXE
41036,TJJPGZ
41036,WSWRJL
41036,WUWSSX
41036,DOERCQ
41036,DRSZEK
41036,CR48YB
41036,MYTNBQ
41036,BJID7G
41036,RQCQ2R
41036,JFT6HF
41036,TGVCQF
41036,ODNUOQ
41036,XDIENB
41036,HF3S2F
41036,YLIABM
104359,DITJGD
104359,XK9HHJ
3319,CUDWSX
3319,JEQB4V
3319,IEFILU
3319,YIXNHY
3319,FMZ6NQ
3319,KDDJYJ
3319,IBYYXD
3319,NW64GK
3319,FNWYXB
3319,SFXIIX
3319,SELNWI
3319,YLAWDG
3319,TMJG2A
3319,WWZ8VA
3319,DGIUOU
3319,YPHWHX
3319,JUUCAD
3319,LP787U
3319,KBUEZK
3319,MXJKSL
3319,OIPFMM
3319,QEWGFY
3319,IMYMRB
3319,WSQSBS
3319,AMCOZA
3319,FRLBLD
3319,MWUJDY
3319,MYBBOV
3319,QPHRJH
3319,YFYDTL
3319,RIGF6M
3319,XHTWYS
3319,CHKTSV
3319,MNHVHT
68554,AG2U8P
68554,APKQMA
68554,QFLRRI
68554,ATSCOO
68554,FM6BXQ
68554,PKPCHG
68554,FSXZEX
68554,FUQGFD
68554,GVKNGD
68554,MAJCYE
68554,IAVHBC
68554,QJEC8J
68554,ELTQIW
68554,MBAQML
68554,HGRHWH
68554,IAPZTW
319,HG9BYF
319,EPFHFK
319,AGENRA
319,NXHUYV
319,CUATAK
319,SFUDVC
319,YWNVNK
319,IGFRJK
319,KPXHQO
319,QFINMI
319,RG5BNV
319,HQ61NE
319,SNYHOY
104328,KSCUOI
223039,FNKICF
223039,ICZNEY
223039,SYSQBT
223039,WIJYCD
223039,FRBWXH
223039,LTZAUZ
223039,MXFENS
223039,MXRHUF
223039,ONYHVB
223039,YATDNY
223039,EOOLPD
223039,YZACJN
74380,KJPZLS
74380,YKUE8G
74380,GWCRJI
74380,MQTIFN
74380,AYQTCJ
74380,SQZHBQ
74380,HDYHNU
74380,HUITUP
74380,AFHJNQ
74380,ALWHAB
74380,KMFMMN
74380,KNJBMB
223030,NNFSON
223030,WUXDKA
223030,NQPRYN
223030,WSYXOZ
223030,MXUMPD
223030,WSITAR
223030,HFKWSU
223030,IKJCTO
223030,EOYXQX
223030,EPMSTA
223030,IJOOKX
223030,IMVKTY
223030,HIGOPF
223030,MAVWVO
223030,WRXUGL
223030,WVDSUS
223030,HFPUTF
223030,MWEWIX
223030,EZSGUW
223030,IGHSGD
223030,EXCOAC
223030,EZSGMM
223030,IFWDSS
223030,YQNJHI
223030,BF9YGF
223030,VI2RTC
223030,PHT1YC
223030,ZF32GL
223030,IFEY9F
223030,IGEGNL
223030,MPSKNX
223030,MQQDUI
223030,LCLOWG
223030,MJIUEO
223030,OKLCAJ
223030,YPRSRI
223030,IPQLFE
223030,MJQYNJ
223030,DCMNRB
223030,GPTADZ
223030,HWPNKE
223030,WHZNZD
223030,JULTJT
223030,MJLYPJ
223030,GDPJTJ
223030,GEAEQB
223030,ACTXXP
223030,KRSWWR
223030,ONCJTN
223030,ONRBOI
223030,CEVYOP
223030,KTUXXU
223030,AIFDWE
223030,DMRNSQ
223030,AAKRKE
223030,CHSPXE
223030,KRYVTE
223030,KSYCOV
223030,DJLJVU
223030,DKWYUF
223030,FXGWAN
223030,KTCQPC
223030,AFXCHU
223030,KTDVCR
223030,CGBJTE
223030,CGKCTP
223030,FFNXSC
223030,ILVCNA
223030,IDKXDV
223030,IMTIAN
223030,JQRBLS
223030,KUURNZ
223030,WEXNRA
223030,WLFDBW
223030,GNBFID
223030,WFOSIY
223030,GPPGMB
223030,GTEZRZ
223030,GVOPUC
223030,SZHYDP
223030,LFUWID
223030,LOHESN
223030,GTSUGB
223030,WLZZDU
223030,GSXOMD
223030,OAOHKV
223030,WINRVW
223030,WJZYOD
223030,GOWVWZ
223030,GVJFGQ
223030,CTAJZZ
223030,CTBHMZ
223030,FVMEJK
223030,IQRWLD
223030,LPLJXH
223030,PKVMSG
223030,DWLPVX
223030,VD9ZGB
223030,YFZZQL
223030,ZNWMWA
223030,LILMQI
223030,OCTJTO
223030,CKLNVZ
223030,DUTWVS
223030,WRGIAV
223030,YJBYSH
223030,GAGZLZ
223030,YMRTUO
223030,ENPELS
223030,RP5T8H
223030,LEZVAH
223030,OZTZSG
223030,LNVFWL
223030,LQPHYF
223030,DSTKNW
223030,OBLYED
223030,CMYTKJ
223030,OBITXP
223030,DSUMZK
223030,DUJYPN
223030,CEMWET
223030,CHGVRG
223030,CLKQGL
223030,SYYFOO
223030,DTOFGP
223030,SXATBS
223030,KCHCRO
223030,LRUXFG
223030,LTAFKE
223030,LVFJZA
223030,WNBJDH
223030,YLLKZK
223030,IIBJFA
223030,IIKXAW
223030,MQXJJJ
223030,SJIMMP
223030,AESKMI
223030,SMGUMH
223030,CKXOIF
223030,DTPGKV
223030,STRLFA
223030,YFBINR
223030,ILBWCM
223030,ILJLLY
223030,FYEYGW
223030,NAMNJG
223030,MXCJFS
223030,SIQNHQ
223030,AHKNSL
223030,KSETFP
223030,FGMFRR
223030,NPXTFG
223030,EQDYJA
223030,IMHWQM
223030,EOYUDB
223030,SHMZOG
223030,LTKAYI
223030,LUUFPL
223030,FDUYIH
223030,GMRTFK
223030,HLLOUE
223030,LTEIOR
223030,CUQFUY
223030,WQEWCG
223030,GJOIGK
223030,GMNGFI
223030,CSMYDJ
223030,WNPPJY
223030,FDAVKA
223030,STMJJC
223030,IBMQQI
223030,MXJEQD
223030,MGLTOU
223030,YXUDCL
223030,FCDCOT
223030,FDVMYJ
223030,JJYHMK
223030,JKHOOG
223030,LTYLYT
223030,LUEJEK
223030,DIDBZH
223030,DWQIWT
223030,AIASKY
223030,JPNEME
223030,CABXGZ
223030,DWHOTB
223030,KCSVGI
223030,SGBWBZ
223030,DJRMHX
223030,JPAIOK
223030,ILDALF
223030,YYJTOP
223030,YWWLKT
223030,YXUICB
223030,KDPHMM
223030,WUWOOG
223030,FZOSFK
223030,JQGEYH
223030,AKYBAT
223030,AMXODQ
223030,JPNQIL
223030,NARKKZ
223030,IJQBYD
223030,KAXHTO
223030,KDDJGT
223030,SEWXHJ
223030,LYEICH
223030,WNIVQV
223030,GDDEVY
223030,IGLKCT
223030,CCPXCE
223030,FRSZJE
223030,DSMDOW
223030,SYZZHO
223030,FMQGKU
223030,HARTDE
223030,CBKSGK
223030,IPVTXN
223030,GZGKFZ
223030,WCLSFU
223030,FFWDZU
223030,MYSTMA
223030,OIGPFL
223030,SUNAPV
223030,IEYXAU
223030,JVUYQA
223030,GKYWDM
223030,KPPUJJ
223030,IEMRCK
223030,SSHOCI
223030,JWOTLG
223030,JZMJSZ
223030,IFIZYN
223030,JZTQDF
223030,DQDCHB
223030,KH2GJC
223030,DCQP4L
223030,XHH4YF
223030,IIRTKQ
223030,IMERGD
223030,DGEYNY
223030,DIGSKK
223030,CDRAFY
223030,FRVWZH
223030,SEJ5GL
223030,VGWD7S
223030,UKYZKJ
223030,UPSN8U
223030,CKADUT
223030,CLPJRS
223030,LQJRAE
223030,SZXOTG
223030,FLMQ8A
223030,SK8LUJ
223030,FWJTTX
223030,XG6JPI
223030,BE34PY
223030,UMVC3N
223030,JWTGCF
223030,WRHKEZ
223030,PLZ27T
223030,YNVLFN
223030,CH93SP
223030,EM48WQ
223030,IFMWAC
223030,WNNXWI
223030,AWRB5E
223030,PEYK2Y
223030,GMNHTS
223030,IGIRAU
223030,GASKGH
223030,IGWZDU
223030,GJQ5QW
223030,QKYEKJ
223030,PCQIGB
223030,VH24NF
223030,KEAZYW
223030,SHXSCD
223030,IGEIBM
223030,SSSFSH
223030,KALJSH
223030,KCRAOQ
223030,DOAPEM
223030,DOXIRL
223030,GRYJLF
223030,LQLWWH
223030,CLRDXG
223030,OWGZDM
223030,ILZEUI
223030,WUGDPZ
223030,CKNJYI
223030,LIQVNJ
223030,HICYGM
223030,UFWDYY
223030,DRQTFW
223030,DUNJIE
223030,DUXMMM
223030,ODWUYC
223030,LHEEGJ
223030,LQDUCY
223030,CFQ73C
223030,RG9R6S
223030,MESD8V
223030,QGDU8S
223030,ID9E8L
223030,ZIWJJP
223030,BLBVFQ
223030,BWK2HH
223030,KFGHGV
223030,KN2PVA
223030,IWPCRX
223030,VEQU6Y
223030,WNKFHA
223030,ZI787P
223030,HNF88K
223030,SN5NKA
223030,CPMPGV
223030,MTNHTJ
223030,CYMPZO
223030,OKQREY
223030,LBFCVU
223030,LDQIVE
223030,IKYJKQ
223030,WUVRZH
223030,NCTAWL
223030,WUUMNE
223030,AKMDZJ
223030,PWJZQK
223030,LDMQQZ
223030,MVNMNV
223030,OKMCZM
223030,OLYBGZ
223030,IRXRCR
223030,NNXBCR
223030,EDPIFP
223030,NMMSBA
223030,HAWKLH
223030,HCAMFH
223030,PW33YN
223030,WJCN6Z
223030,JMTKVA
223030,KH2JJC
223030,JIMHKS
223030,JIMNVD
223030,MSRIFL
223030,OJQNCD
223030,MSLYSS
223030,OOQKZW
223030,JFZIHB
223030,OLRCUZ
223030,CQDQSH
223030,WXBAWO
223030,KFOQJP
223030,OLAFLI
223030,BEB48V
223030,FTEFIT
223030,IVPGRV
223030,OIRMHM
223030,FISMIZ
223030,WWFSIO
223030,KIMXVF
223030,LALNUP
223030,IQVUDJ
223030,JLIYMD
223030,NOKUDO
223030,WI58XC
223030,JENYJT
223030,OQYGXC
223030,MUHHUE
223030,MVOLSH
223030,CPBQKG
223030,LDZPEW
223030,GFMRWV
223030,VJHK2J
223030,AGAQYS
223030,LLMUVT
223030,UIR18M
223030,VI51UC
223030,GK9ZMG
223030,ICQ1YB
223030,JI1S6M
223030,JZYOJF
223030,AM45MA
223030,FIP8MZ
223030,PD1JQB
223030,YLZ1FW
223030,ME5JJL
223030,XF8URL
223030,MTLKCB
223030,WWKROR
223030,DNC29K
223030,KLGE5Q
223030,AI2ZTM
223030,NE695Y
223030,YLR8PT
223030,WHJW3P
223030,YHU23P
223030,KWR36H
223030,NM3TRD
223030,EHETQP
223030,FWWW5U
223030,JFTLYV
223030,NMUSHA
223030,OKVEHH
223030,WZNLUH
223030,FJBE6G
223030,SUQRQO
223030,EFFHXV
223030,INHLFD
223030,UIP29M
223030,WMEZ8Q
223030,BLQGRQ
223030,VD7ZUR
223030,IG9RVF
223030,VICSSP
223030,BLPDSQ
223030,SSTXAX
223030,AQ8LVR
223030,FWOVAG
223030,AKOHIJ
223030,EQJKHE
223030,SECE5Y
223030,FSZTYU
223030,YHBS8C
223030,AFJSSU
223030,TQW22R
223030,DGJNMC
223030,FUSWSV
223030,LNBXWQ
223030,LQOAWL
223030,SYVCAZ
223030,SZGJCA
223030,AOLTPW
223030,BHB8YP
223030,YOKLIW
223030,CWSCVR
223030,CYWMMY
223030,KTPZZT
223030,QKIPTJ
223030,AIDWXS
223030,MMZZND
223030,CKHHLR
223030,LINUQH
223030,LEYYDC
223030,LIITCC
223030,CEJZDM
223030,FKH23D
223030,GFLJLQ
223030,WVRMOF
223030,CLQUOW
223030,DRYJPT
223030,DRPYHQ
223030,SXLETA
223030,CJCULJ
223030,ODAMJC
223030,LGRWDB
223030,OCZCTB
223030,BIGQXM
223030,CFEZKU
223030,ABKSBI
223030,TN43UQ
223030,OQWSYY
223030,SAMUQT
223030,ILDURD
223030,NBDFLK
223030,CEMTTQ
223030,KVDXOM
223030,HMUZNN
223030,YWPHLC
223030,KHCTMW
223030,OMBRHX
223030,CEMJCW
223030,KTAIFP
223030,OPWNJJ
223030,SCUHZA
223030,ACFYTS
223030,INMJDR
223030,CFXMKK
223030,KTHGIL
223030,ABQCJT
223030,ACOBEO
223030,DJUKUW
223030,IPNDTH
223030,AEBGVL
223030,FZRPZO
223030,SXIVLM
223030,WKLGGX
223030,FWWPKZ
223030,FYDTEH
223030,DKJQBV
223030,FWYXKP
223030,ACKTFG
223030,INJIXG
223030,FWAOMZ
223030,KVOCXD
223030,CIJEUT
223030,KUMHJD
223030,CHULOH
223030,KTPRZO
223030,NFBYDG
223030,YBUKFN
223030,FYLAUT
223030,ZQFR4E
223030,WCSDKO
223030,YFKXDF
223030,PQL53B
223030,XKEQMJ
223030,JPTRMQ
223030,YDUUGA
223030,ECJNIV
223030,NJHTFW
223030,NIXWFZ
223030,NMIZQR
223030,EVNRNZ
223030,YARIUG
223030,CWVF5E
223030,WEZWFU
223030,JQVIYQ
223030,JQXIGK
223030,AFZMFU
223030,LJSWSJ
223030,AKIHUY
223030,EIH1FZ
223030,KZWUFA
223030,NFWDPW
223030,ERTZDI
223030,JPGGRS
223030,ALHGRB
223030,FRPBNV
223030,FSQUZL
223030,MOQQGC
223030,EUTBQR
223030,NIDOPI
223030,DKAMOU
223030,IQOALY
223030,OFLWHM
223030,YCZUCH
223030,FLCUSV
223030,GEVEPO
223030,FLJMHQ
223030,GHACZU
223030,YBDJSP
223030,YCHXNI
223030,NFCXFD
223030,YBCUSG
223030,SRNCKF
223030,YCHSPN
223030,IWRALA
223030,YDSDFQ
223030,EWYVCR
223030,FBMNZQ
223030,IXGAOQ
223030,LKVNYU
223030,JNTHDK
223030,NEOOGH
223030,EZZXLR
223030,GMQHYY
223030,IXIXLK
223030,JQHILE
223030,MJYROY
223030,MKESTG
223030,MJKZIY
223030,YFQOCZ
223030,ERNVRL
223030,JQCJTU
223030,ETAATT
223030,LJJRUL
223030,STKSFU
223030,SVQFCK
223030,MJLJFI
223030,YHCGRT
223030,MJJDTS
223030,YGQSWQ
223030,IWUUPA
223030,JOQPEQ
223030,JSUUML
223030,KNOTMG
223030,IZAQLD
223030,JOKBSZ
223030,EZHKKT
223030,GKMBKH
223030,ESTGPL
223030,EYVJLG
223030,EWWXCM
223030,IZPHMV
223030,AUTJPD
223030,JHQQBQ
223030,DDWLPR
223030,WLBOHU
223030,LRFEQX
223030,WHTQEQ
223030,DCZYUK
223030,SYUNRA
223030,DUFCJG
223030,WFVXGV
223030,DSNLTL
223030,LONJXK
223030,STKYTH
223030,WNLJUW
223030,LEJHDN
223030,ODQEFH
223030,LIQLIL
223030,LQOAOH
223030,IUFDHG
223030,KDTSNU
223030,GMFOJY
223030,SVAYHY
223030,DTBUMN
223030,SZTXMG
223030,DCHNYQ
223030,SXKHZP
223030,JSVKDM
223030,MJHQXS
223030,EWYFXS
223030,JVGAMZ
223030,DNMUCR
223030,DQGCNE
223030,EWXKGB
223030,OFDYVJ
223030,DPZGRF
223030,LFQVWY
223030,EZGJBE
223030,EZVEZA
223030,JUQSWZ
223030,MJBJBP
223030,KOQIIH
223030,MITKJL
223030,GSRGOV
223030,GTVDNE
223030,OWHOIX
223030,OXIIHJ
223030,EHYLEG
223030,HVDTMY
223030,EYLPDA
223030,EZUWCC
223030,EXNBKY
223030,STESXR
223030,WLHBJN
223030,WLLHZF
223030,JTHRVP
223030,JVJTFX
223030,AYCTOR
223030,FIRVOL
223030,GKBWMS
223030,SRRQRF
223030,CMPGHA
223030,OYWNHW
223030,GJYUSZ
223030,STRZPE
223030,FJWZJE
223030,SPKYLK
223030,FBQDVL
223030,GLYLBP
223030,AXGYWE
223030,HVIFLG
223030,EWCWCR
223030,WOJCWZ
223030,OLNE5Q
223030,WKS92G
223030,JZAGBX
223030,WOADIY
223030,EFROKH
223030,EHYWBP
223030,DOORLH
223030,DUHATT
223030,OZVBXJ
223030,SNDYLH
223030,FKRLSN
223030,SPCRCG
223030,CPKHWT
223030,WYNWXE
223030,KPVLNI
223030,MJTLAO
223030,ARNBUO
223030,HAUTZI
223030,HDCKMB
223030,CWL2MH
223030,KQEWHK
223030,AVSPVP
223030,SRFIRL
223030,SNBKVD
223030,SQGYMX
223030,HAMOJR
223030,SPCAWO
223030,IYHGEQ
223030,IZDDWH
223030,OVDUPD
223030,OYSSBD
223030,CNFWJP
223030,MRZORC
223030,GH6QWC
223030,NFTSNV
223030,CNCRWI
223030,HDCDCV
223030,BNGQ8X
223030,JF773F
223030,AXMLZV
223030,OTXLXK
223030,AL1WHQ
223030,WYXHEN
223030,LIRPJM
223030,WWSUDA
223030,WTIJVF
223030,YWWRYZ
223030,CHHZTB
223030,DKVDNV
223030,DJDSKJ
223030,FXPEJX
223030,INQCIG
223030,MECUJE
223030,IKDFEN
223030,MEXLZF
223030,LOEHMO
223030,LOTKQZ
223030,DJIBUB
223030,DKXQWS
223030,GUINLF
223030,BLFK8A
223030,FYTYRJ
223030,CIRHQL
223030,KIKNJM
223030,DZKNYH
223030,MPBFUI
223030,AGNVUO
223030,MOZJFW
223030,NHTMYY
223030,NHWFRW
223030,ABJDEG
223030,FYHZFK
223030,AKZZIM
223030,FUXKYB
223030,FYUOJZ
223030,KUEAPS
223030,AABFAN
223030,CFQOBT
223030,CGQUTD
223030,KUXBPQ
223030,AJUJYS
223030,AJUWKA
223030,AMMJJO
223030,FUUNXX
223030,NALMVM
223030,NAQYLU
223030,AKGJZL
223030,ALXBYM
223030,COVRON
223030,WWXONW
223030,GGKHSQ
223030,WYHLXI
223030,CLPZUU
223030,DUUDFP
223030,LNNEYN
223030,LPTYNT
223030,SKLZTO
223030,SMYFXB
223030,FZGOWJ
223030,IQIMUQ
223030,GK6WFG
223030,JJU84G
223030,CZTKWJ
223030,LCDDKU
223030,GYDWLC
223030,GZMHJW
223030,CARBHG
223030,MPDESE
223030,LG373S
223030,OGRMNS
223030,WQFNIC
223030,YLHKOT
223030,GEY7VL
223030,RHDJ3P
223030,OEPKXR
223030,YKXBIJ
223030,CEN6TI
223030,LHF9UC
223030,PL7UTG
223030,UI1PSC
223030,DVCDFW
223030,WEQSMZ
223030,LBVLPE
223030,WFI82V
223030,HPNSRB
223030,SHZYTC
223030,NMWWWK
223030,SRBYIN
223030,LFY3HV
223030,LMFQSQ
223030,ORTRHC
223030,OYZZPF
223030,EIP3GZ
223030,PQIZ5R
223030,LGWZAR
223030,OTJHTY
223030,SIDB2M
223030,UR3RRE
223030,ODP52L
223030,WLR1QG
223030,CWV78E
223030,XL139G
223030,DBWJDT
223030,LNOLGU
223030,CZGYAC
223030,NLKBKG
223030,OUWCPI
223030,GWAIRZ
223030,SIXSVA
223030,QWQN5H
223030,XFV1KI
223030,DIWLAS
223030,DLVJPW
223030,GVYDKV
223030,YNLUXX
223030,AUETYG
223030,JPCJVH
223030,FFZDWI
223030,KMJUJS
223030,NKPNYZ
223030,OZYLUS
223030,LCMOTA
223030,NGDNQF
223030,ODIZVK
223030,OSUNLN
223030,EBEQIB
223030,NKWNVW
223030,DNHSOH
223030,OCCSYU
223030,DPMGHR
223030,OWVMHA
223030,DK7JXW
223030,EARBZQ
223030,KGJISE
223030,OQAKMQ
223030,AKKCYA
223030,IQMNNL
223030,OVLWXZ
223030,SNDKBZ
223030,KONRND
223030,MJHZDB
223030,KPJXSN
223030,WDOBTQ
223030,JKBHYE
223030,JKZTYK
223030,HPVSHU
223030,SGQSTO
223030,MIVCWT
223030,SRPIIM
223030,LGQBWB
223030,NJVZIG
223030,JCWURX
223030,NPWYHH
223030,EYKCHF
223030,JTBBZQ
223030,LFNOKD
223030,OSGJJZ
223030,LFLVAH
223030,OUGJBS
223030,ASBHKS
223030,EBCVGE
223030,EHIGUN
223030,ATMOGH
223030,LWYJOV
223030,OFFMZC
223030,LDK99L
223030,RIG56M
223030,IRNUAT
223030,SFJZLY
223030,EODHEM
223030,ERAOBP
223030,SFWNZL
223030,WVLSZK
223030,ILNEDL
223030,WSNDOZ
223030,MFFL5F
223030,NWTLJX
223030,FN1WMN
223030,LVOINE
223030,KCHWXT
223030,KZGFFA
223030,AFNTBW
223030,ZWYGGN
223030,CKGVXG
223030,JEN3VY
223030,QEKPRL
223030,VN7BFA
223030,AIOMAG
223030,IJLZTU
223030,HQONZM
223030,KDYHXX
74378,ERGFYO
74378,IJZTZR
74378,FMSJNS
74378,WYKDCK
74378,KEXFHE
74378,MVPAAD
74378,NXERTZ
74378,HNQPUV
200138,AGRYDH
200138,VPIN2U
74379,FHFPAU
74379,YXVNRU
74379,FGNLOS
74379,LLV14A
74379,HJYALJ
74379,HLZPES
74379,FEZRHM
74379,GIKYGA
74379,OSFOBJ
74379,EK1MRW
74379,WAUQYY
74379,HGRPCI
74379,MACVCY
74379,ELZITT
74379,HHOKVI
74379,NTJALK
74379,NYILHK
74379,HQJGKO
74379,JMADIJ
313005,NBKTLI
313005,NDFXGP
313005,JOPCZA
313005,NADGUN
313005,WSNTAI
313005,JAXVYD
313005,WRPGCE
313005,ILMEPF
313005,JDNCBT
313005,IKYOKE
313005,MHWXHT
313051,YDIRMB
313051,YYXAWQ
313051,QNSJYN
313051,YQ2I5U
313051,AKCCHW
313051,PKC3KW
313051,FJLWFW
313051,FUNGGU
313051,AJGNBH
313051,MM6EYD
313051,BDR3VL
313051,KLFHXT
313051,MNHFCB
313051,QGL8YF
313051,GZCRVR
313051,YRZHKT
313051,FCIKHO
313051,YVEVNE
313051,ALHPUJ
313051,YILRXA
313051,WEGJCP
313051,YGJFZA
313051,JL8IQT
313051,THJ3QS
313051,DFKZFA
313051,DZZJQO
313051,OFGOFR
313051,YSLPSM
313051,GWNVJE
313051,MNKBXM
313051,LJVCJC
313051,LKGBTI
313051,JFH5HV
313051,NLCYGT
313051,JBXZUK
313051,YKGSTK
313051,RL1N3T
313051,YYPXQK
313051,OHLLDA
313051,EXDDIL
313051,KOPSIB
104291,FLJYCS
104291,FMCLPV
210202,DLZUPN
210202,NBPUHU
210202,IOXVAU
210202,NDUIRJ
210202,FLGHQN
210202,OKPFYW
210202,FLUODP
210202,KNEG2K
210202,KJ9WXM
210202,OFMQUD
318150,KD893L
318150,SICDSG
318150,YQ3T6U
308920,JUSCGX
308920,KFFKOF
308920,YYXUVT
308920,ENEKLS
308920,HFPPEF
308920,DEEWTC
308920,HJCDCO
308920,LUFVGC
308920,YKVLLX
308920,LTIDXD
308920,YJPLVM
308920,ERBEXH
308920,UG3QUI
308920,OKJWPW
308920,WRVHGA
308920,HOZZRT
308920,LG5RPF
308920,GUHWGE
308920,SZFZGC
308920,HTDJXI
308920,SCCYHH
308920,SCDDLJ
308920,OKCMKB
308920,KLGFRN
308920,KWIKNV
308920,AQVITE
308920,SR4VYE
308920,ERZMDY
308920,GWWBWX
308920,AIPKPM
308920,GQSLMB
308920,DGEJOU
308920,EUIWVD
308920,DIPWVD
308920,FYTENO
308920,GJKDQT
308920,SRZCFT
308920,LTEVUF
308920,LUEGCL
308920,HEUNFE
308920,ILWJBO
308920,SBADLJ
308920,HAKMFE
308920,OXOBVM
308920,CDUFQX
308920,KTEQSC
308920,CBOLYJ
308920,DHUYSD
308920,FVFZIW
308920,IQQSJC
308920,MOIQQU
308920,YTPTGZ
308920,CGRDHU
308920,KVLRWF
308920,HIFIBG
308920,IEEAOT
308920,CHFABK
308920,JPSUSH
308920,FZJLXL
308920,IRFVXR
308920,AABUWQ
308920,IXQAUR
308920,KUYYQO
308920,NDZASB
308920,ADWACV
308920,JNQJVT
308920,LJMVSO
308920,LLWELH
308920,FFWPIW
308920,ICOCUA
308920,EALDSW
308920,IKAJRV
308920,LDVGIS
308920,OHU3KP
308920,IUDNSN
308920,JJEEGT
308920,EMLRRA
308920,HNDKGD
308920,JJWG3G
308920,OH61WS
308920,LGLJTC
308920,SMH4TD
308920,FIUDHK
308920,OXUJQJ
308920,OWXJKV
308920,SCSIXC
308920,KYCPSB
308920,KZRKAF
308920,AUGYBM
308920,KWROGD
308920,IXHRKQ
308920,IDM6HL
308920,IG6RQF
308920,LTGCAL
308920,YZWFDI
308920,EQFMWP
308920,KCBXMU
308920,KAHLRE
308920,KAJPYB
308920,DPJDBZ
308920,EHNORO
308920,HTQVRJ
308920,HVEVJH
308920,HVHIIB
308920,HTCFYA
308920,LDHSMC
308920,VH5TVF
308920,YM1K3D
308920,FIWPOF
308920,WYYYHH
308920,FKQHZF
308920,HECPOW
308920,CPQUOG
308920,HURUOK
308920,FMUKAZ
308920,LCLBHT
308920,CPOCML
308920,KGGRGG
308920,COKCLK
308920,WXUNBQ
308920,LDJEAX
308920,SW294K
308920,CZFQEH
308920,KGYPTZ
308920,BW366H
308920,JTOYEP
308920,GQGRGN
308920,WKNJCT
308920,GORMNB
308920,WIBNHZ
308920,ODFARL
308920,SWBMED
308920,ADRXFM
308920,DKGDPA
308920,CEZZZF
308920,DITLKQ
308920,AFRZRS
308920,FYANTO
308920,NEBJMN
308920,OCSYPU
308920,SSCAFH
308920,FCODDJ
308920,JWVIHW
308920,DF9BUV
308920,GJDNPJ
308920,FCLFGR
308920,FEHCDK
308920,RM3I8Q
308920,ZM2W6D
308920,IIPJIZ
308920,PWQS4H
308920,LTPNCD
308920,YWWIST
308920,MFKYPT
308920,MIKEKY
308920,ILOWOA
308920,KAPKUV
308920,SEONZO
308920,HNAHFC
308920,MSOBRB
308920,WIQXNK
308920,YZMLKQ
308920,JLLBLA
308920,YQKHTI
308920,CJKHCQ
308920,WGPEXU
308920,BM1I7N
308920,LMSVYQ
308920,AIK8RZ
308920,OWYB4X
308920,CJZOQO
308920,ODLCIY
308920,LHDOYA
308920,LIHAYJ
308920,LFUGJX
308920,ODRAQN
308920,LHRDGL
308920,OBKARH
308920,CMGFAR
308920,CMZRJV
308920,DPEBBV
308920,LHVAVT
308920,DQHOMV
308920,ZQB6NH
308920,DUXGXL
308920,XCN7SE
308920,CD699L
308920,LGBJTO
308920,DPXIAE
308920,HGGMNS
308920,DOKUAJ
308920,YPEW3H
308920,RMV2FA
308920,HDNCVX
308920,WXDVON
308920,ABLUOS
308920,NLH5RT
308920,AAOOPH
308920,FMLLUA
308920,DKAKRC
308920,SL33KG
308920,DGJ58P
308920,KFVDXG
308920,CVTIDE
308920,CWVVVQ
308920,OKSYZM
308920,QFU6YI
308920,CXTBCL
308920,CYWYXC
308920,KFPRYM
308920,OOESVM
308920,FUWNDX
308920,CBNBEL
308920,SLMGIA
308920,LE6JJL
308920,VPZLNK
308920,WSZZML
308920,UMTFKQ
308920,KMKUGN
308920,LAWSDJ
308920,LYRLOY
308920,NFP7WI
308920,NI5IVP
308920,FTHDJW
308920,QNE6YA
308920,DN7C7K
308920,ENDDZU
308920,LYLMVW
308920,MGDZBC
308920,MLYZTM
308920,JJIEXJ
308920,JLSPQF
308920,KCFQNG
308920,HPAASA
308920,HPAFVD
308920,STFFFH
308920,CPCDRQ
308920,FJELRU
308920,AORYPW
308920,KKZMCU
308920,EKKFBP
308920,HYMOIV
308920,YRODAD
308920,AHXIRX
308920,NDMHYM
308920,CARPPV
308920,LGARCZ
308920,DKGG9D
308920,YDPWAD
308920,MLMRZU
308920,MLWFNK
308920,JYYNHD
308920,YCPOFK
308920,FAKMNH
308920,GFAYDE
308920,GHQKGE
308920,MM4H3A
308915,MXXRVE
308915,MYVDDD
308915,LJKEGM
308915,NEEAGI
308915,AMKJFP
308915,FTJGCA
308915,DETQTI
308915,IOAJQD
308915,YFBBNA
308915,CCYZMN
308915,FTJNJQ
308915,DGOIZM
308915,DVZTNC
308915,DILGMA
308915,FTQHTV
308915,AKRGPL
308915,YRWRMQ
308915,DEOCOD
308915,DXRYGT
308915,DFDPRZ
308915,DIHHBB
308915,IUYEAZ
308915,YTGEZF
308915,YUQRCP
308915,MQQHYO
308915,YTAHVX
308915,MWFELW
308915,SHMZIO
308915,KCMWGS
308915,WVPZVO
308915,HVYVFA
308915,WJKUUE
308915,FPJQTI
308915,LROUWC
308915,LASXUT
308915,LDEQRR
308915,AGFPMX
308915,DZPBJQ
308915,GWJYQW
308915,GYZSKV
308915,MJKSTW
308915,YPKUYS
308915,CDDFAS
308915,DIJYSL
308915,DKXYYX
308915,OGEFZR
308915,WNAQFK
308915,MELFME
308915,WFAOMQ
308915,OSJVLC
308915,WUWTHN
308916,HNBARC
308916,WIDVUA
308916,IUGOQJ
308916,NVVKZU
308916,GNJGXA
308916,GQXCWG
308916,HSKDQW
308916,SK4GTZ
277719,JSVXRJ
277719,MMSMDJ
277719,EXSNJY
277719,YOJQFD
277719,MMGSNQ
277719,MMTZFM
277719,AL6N4A
277719,EBNMMM
277719,AJFRFP
277719,AMNZPS
277719,AKHJOP
277719,DENXII
277719,SWQULR
277719,SZLLSP
277719,GQUNUA
277719,MCVMGB
277719,RQMC5R
277719,SFU36F
277719,KIDJBU
277719,KWKSFJ
277719,DEWPMU
277719,WCHXRE
277719,KMTNSH
277719,NPJDEX
277719,IRJNLP
277719,NNJBQC
277719,GLVAWU
277719,WNNKDL
74019,MQHNRE
74019,XQ6K7E
74019,KKIY9T
74019,ODZLYB
74019,RMY3UD
74019,UFM1YY
74019,IMWPPN
74019,WHHIMG
74019,IAUEWJ
74019,IBQTMU
74019,SW6RWN
74019,FQ9PHR
74019,MWLRNQ
74019,WRXMEF
74019,IQYYNE
74019,KPQF8E
74019,LOTTUC
74019,LPNQVP
74019,FF5PKV
74019,TP1I2H
74019,GQ46NE
74019,SMM76A
74019,COKNRJ
74019,COTLBQ
74019,MVIBTS
74019,WYWZHT
74019,RDZHYR
74019,SGQGPF
74019,JF5JYY
74019,ZJVYHZ
74019,JFSCXV
74019,OLJVTT
74019,CZWVFU
74019,HKT1WG
74019,KQ1Y5R
74019,WJDP6Z
38348,YYVUWH
38348,KYINLN
38348,KMTDRR
38348,MZFCCR
38348,ETFXPK
38348,GUJCVZ
38348,WH686C
38348,WOBYKP
38348,AHAAUX
38348,FUIHZB
38348,JPHJNO
38348,YBCOMI
38348,IOMQDL
38348,IPXXKR
38348,FYRTMG
38348,INVZBT
38348,DJUNJE
38348,IONYGO
38348,CHLFOU
38348,KTBTCR
38348,KVOTJO
38348,NBTZYT
38348,FZGJCH
38348,KVOBAX
38348,DJKFMO
38348,SLIANI
38348,YRRNDV
38348,CBUFQT
38348,WGK1TV
38348,SKBRCS
38348,DFBHMZ
38348,EP2F2E
38348,OEKVEX
38348,JRZXCV
38348,EWKHBN
38348,LEUJVY
38348,GLWZPT
38348,GJMIOO
38348,HKERFI
38348,MHXXHC
38348,YYQDMF
38348,YZHCGH
38348,MWXLKU
38348,WSFKMV
38348,FMWJJA
38348,GGBGBK
38348,GUHMBQ
38348,SVXOCK
38348,DEHUMI
38348,EKVZAH
38348,FSUYHW
43032,JNIFWC
43032,JUAICC
43032,AHNSBA
43032,EVVJZX
43032,JSSZDW
43032,IMPWVA
43032,JTSMKX
43032,AW7WHH
43032,JUBMSC
43032,BN8FJK
43032,MMMJAC
43032,GLRAFH
43032,JWLWGP
43032,IFVNHK
43032,YIXGVC
43032,COMAUY
43032,LBQCNP
43032,OJVCXU
43032,OKNISX
43032,FCTEQO
43032,JSSPUK
43032,GKDZEE
43032,KRECPP
43032,SVXJYB
43032,WLDTZN
43032,WQHRJP
43032,WQJGRK
43032,ABLHRT
43032,EVKMRD
43032,YSYSVY
43032,YVPECK
43032,NAZHVN
43032,SIVLVO
43032,AGVBEC
43032,NCEVMH
43032,DDDBJU
43032,DDJMQE
43032,MLG85D
43032,ZEVGHL
